id	match
Ovine_enzootic_nasal_tumour_virus_NC_007015_beta_pol	Jaagsieke-like_beta_pol
Sheep_Endogenous_Retrovirus_Beta_1_AY266332_beta_pol	Jaagsieke-like_beta_pol
Endogenous_Jaagsieke_Sheep_Retrovirus_EF680313_beta_pol	Jaagsieke-like_beta_pol
Jaagsieke_Sheep_Retrovirus_NC_001494_beta_pol	Jaagsieke-like_beta_pol
Enzootic_nasal_tumour_virus_of_goats_NC_004994_beta_pol	Jaagsieke-like_beta_pol
Sheep_ERV_Jaagisiekte_1_EF680311_beta_pol	Jaagsieke-like_beta_pol
Odocoileus_virginianus_White_fronted_deer_ERV_AY820047_beta_pol	Jaagsieke-like_beta_pol
Mink_Cell_Focus_Forming_Virus_AF133256_gamma_env	MLV-like_gamma_env
Friend_Spleen_Focus_Forming_Virus_K00021_gamma_env	MLV-like_gamma_env
Rauscher_Spleen_Focus_Forming_Virus_K02375_gamma_env	MLV-like_gamma_env
Pre_XMRV_2_FR871850_gamma_env	MLV-like_gamma_env
Pre_XMRV_1_FR871849_gamma_env	MLV-like_gamma_env
Xenotrophic_MuLV_Related_Virus_DQ241301_gamma_env	MLV-like_gamma_env
Moloney_Murine_Leukaemia_Virus_NC_001501_gamma_env	MLV-like_gamma_env
Friend_Murine_Leukaemia_Virus_NC_001362_gamma_env	MLV-like_gamma_env
Rauscher_Murine_Leukaemia_Virus_NC_001819_gamma_env	MLV-like_gamma_env
Ecotropic_Murine_Leukaemia_Virus_Strain_AKR_J01998_gamma_env	MLV-like_gamma_env
Murine_ERV_2_MuLV_Mmur9_chr8_125950286_125952271_gamma_env	MLV-like_gamma_env
Murine_Leukaemia_Virus_Strain_Cas_Br_E_X57540_gamma_env	MLV-like_gamma_env
Endogenous_Feline_Leukaemia_Virus_A1_AY364318_gamma_env	MLV-like_gamma_env
Endogenous_Feline_Leukaemia_Virus_A2_AY364319_gamma_env	MLV-like_gamma_env
Gardner_Arnstein_Feline_Sarcoma_Virus_X00188_gamma_env	MLV-like_gamma_env
Snyder_Theilen_Feline_Sarcoma_Virus_K01209_gamma_env	MLV-like_gamma_env
Feline_Leukaemia_Virus_NC_001940_gamma_env	MLV-like_gamma_env
Rat_Leukaemia_Virus_M77194_gamma_env	MLV-like_gamma_env
Gallus_gallus_Endogenous_Virus_Ovex1_FJ406462_alpha_pol	ALV-like_alpha_pol
Circus_aeruginosus_Marsh_harrier_ERV_II_AY820064_alpha_pol	ALV-like_alpha_pol
Dromaius_novaehollandiae_Emu_ERV_AY820052_alpha_pol	ALV-like_alpha_pol
Chicken_ALV_Like_Endogenous_Retrovirus_EAV_HP_AJ292967_alpha_pol	ALV-like_alpha_pol
Tragopan_caboti_Tragopan_ERV_AY820072_alpha_pol	ALV-like_alpha_pol
Avian_Leukosis_Virus_Strain_HPRS103_Z46390_alpha_pol	ALV-like_alpha_pol
Avian_leukaemia_virus_NC_015116_alpha_pol	ALV-like_alpha_pol
Avian_Myeloblastosis_Virus_L10922_alpha_pol	ALV-like_alpha_pol
Rous_Sarcoma_Virus_Strain_Prague_C_J02342_alpha_pol	ALV-like_alpha_pol
Rous_Sarcoma_Virus_Strain_Schmidt_Ruppin_D_D10652_alpha_pol	ALV-like_alpha_pol
Parus_caeruleus_Blue_tit_ERV_I_AY820077_alpha_pol	ALV-like_alpha_pol
Boa_constrictor_ERV_AJ236111_gamma_pol	HERVR-like_gamma_pol
European_Adder_Viper_berus_ERV_AJ236132_gamma_pol	HERVR-like_gamma_pol
Rhinatrematid_caecilian_Epicrionops_marmoratus_ERV_IV_AJ236117_gamma_pol	HERVR-like_gamma_pol
Rhinatrematid_caecilian_Epicrionops_marmoratus_ERV_III_AJ236116_gamma_pol	HERVR-like_gamma_pol
Yellow_Striped_Caecillian_Ichthyophis_kohtaoensis_ERV_AJ236118_gamma_pol	HERVR-like_gamma_pol
Natterjack_Toad_Bufo_calamita_ERV_AJ236115_gamma_pol	HERVR-like_gamma_pol
Green_anole_Anolis_carolinensis_ERV_AJ236109_gamma_pol	HERVR-like_gamma_pol
Human_ERV_E_RepBase_HERVE_2167_4032_gamma_pol	HERVR-like_gamma_pol
Human_ERV_Ea_RepBase_HERVEa_2157_5714_gamma_pol	HERVR-like_gamma_pol
Human_ERV_3_RepBase_HERV3_2417_4111_gamma_pol	HERVR-like_gamma_pol
Human_ERV_1_RepBase_HERV1_2622_6233_gamma_pol	HERVR-like_gamma_pol
Human_ERV_RRI_RepBase_HERV15_5182_6231_gamma_pol	HERVR-like_gamma_pol
Mexican_Free_Tailed_Bat_Tadarida_brasiliensis_ERV_X99934_gamma_pol	HERVR-like_gamma_pol
Domestic_Cow_Bos_Taurus_ERV_X99924_gamma_pol	HERVR-like_gamma_pol
Domestic_Sheep_Ovis_aries_ERV_II_X99932_gamma_pol	HERVR-like_gamma_pol
American_Mink_Mustela_vison_ERV_II_X99927_gamma_pol	HERVR-like_gamma_pol
Grey_Seal_Halichoerus_grypus_ERV_X99925_gamma_pol	HERVR-like_gamma_pol
Crocodylus_johnsoni_ERV_1_FJ155512_gamma_pol	Reptiles1_gamma_pol
Crocodylus_moreletii_ERV_1_FJ155534_gamma_pol	Reptiles1_gamma_pol
Osteolaemus_tetraspis_ERV_1_FJ155531_gamma_pol	Reptiles1_gamma_pol
Crocodylus_novaeguineae_ERV_FJ155511_gamma_pol	Reptiles1_gamma_pol
Crocodylus_niloticus_ERV_1_FJ155515_gamma_pol	Reptiles1_gamma_pol
Crocodylus_siamensis_ERV_1_FJ155559_gamma_pol	Reptiles1_gamma_pol
Crocodylus_acutus_ERV_1_FJ155497_gamma_pol	Reptiles1_gamma_pol
Crocodylus_intermedius_ERV_1_FJ155523_gamma_pol	Reptiles1_gamma_pol
Dwarf_Crocodile_Osteolaemus_tetraspis_ERV_AJ236124_gamma_pol	Reptiles1_gamma_pol
Crocodylus_mindorensis_ERV_1_FJ155543_gamma_pol	Reptiles1_gamma_pol
Crocodylus_porosus_ERV_1_FJ155545_gamma_pol	Reptiles1_gamma_pol
False_gharial_Tomistoma_schlegelii_ERV_AJ236131_gamma_pol	Reptiles1_gamma_pol
Feline_Leukaemia_Virus_NC_001940_gamma_gag	MLV-like_gamma_gag
Gardner_Arnstein_Feline_Sarcoma_Virus_J02087_gamma_gag	MLV-like_gamma_gag
Hardy_Zuckerman_Feline_Sarcoma_Virus_X03711_gamma_gag	MLV-like_gamma_gag
Endogenous_Feline_Leukaemia_Virus_A1_AY364318_gamma_gag	MLV-like_gamma_gag
Endogenous_Feline_Leukaemia_Virus_A2_AY364319_gamma_gag	MLV-like_gamma_gag
Rat_Leukaemia_Virus_M77194_gamma_gag	MLV-like_gamma_gag
Pre_XMRV_2_FR871850_gamma_gag	MLV-like_gamma_gag
Xenotrophic_MuLV_Related_Virus_DQ241301_gamma_gag	MLV-like_gamma_gag
Ecotropic_Murine_Leukaemia_Virus_Strain_AKR_J01998_gamma_gag	MLV-like_gamma_gag
Friend_Spleen_Focus_Forming_Virus_K00021_gamma_gag	MLV-like_gamma_gag
Murine_ERV_2_MuLV_Mmur9_chr8_125955805_125957415_gamma_gag	MLV-like_gamma_gag
Murine_Osteosarcoma_Virus_FBR_Rattus_norvegicus_K02712_gamma_gag	MLV-like_gamma_gag
Pre_XMRV_1_FR871849_gamma_gag	MLV-like_gamma_gag
Friend_Murine_Leukaemia_Virus_NC_001362_gamma_gag	MLV-like_gamma_gag
Rauscher_Murine_Leukaemia_Virus_NC_001819_gamma_gag	MLV-like_gamma_gag
Murine_Leukaemia_Virus_Strain_4070A_EU075333_gamma_gag	MLV-like_gamma_gag
Murine_Leukaemia_Virus_Strain_Cas_Br_E_X57540_gamma_gag	MLV-like_gamma_gag
Moloney_Murine_Leukaemia_Virus_NC_001501_gamma_gag	MLV-like_gamma_gag
Moloney_murine_sarcoma_virus_J02266_gamma_gag	MLV-like_gamma_gag
Caiman_latirostris_ERV_1_FJ155501_gamma_pol	Reptiles2_gamma_pol
Alligator_mississippiensis_ERV_FJ155528_gamma_pol	Reptiles2_gamma_pol
Alligator_sinensis_ERV_2_FJ155505_gamma_pol	Reptiles2_gamma_pol
Caiman_yacare_ERV_1_FJ155525_gamma_pol	Reptiles2_gamma_pol
Caiman_crocodilus_ERV_1_FJ155538_gamma_pol	Reptiles2_gamma_pol
Crocodylus_palustris_ERV_1_FJ155499_gamma_pol	Reptiles2_gamma_pol
Mecistops_cataphractus_ERV_FJ155537_gamma_pol	Reptiles2_gamma_pol
Sage_Grouse_Endogenous_ALV_Centrocercus_urophasianus_AF225322_alpha_gag	Avian_alpha_gag
Rock_Ptarmigan_Endogenous_ALV_Lagopus_mutus_AF225371_alpha_gag	Avian_alpha_gag
Ruffed_Grouse_Endogenous_ALV_Bonasa_umbellus_AF225312_alpha_gag	Avian_alpha_gag
Dusky_Grouse_Endogenous_ALV_Dendragapus_obscurus_AF225344_alpha_gag	Avian_alpha_gag
Spruce_Grouse_Endogenous_ALV_Dendragapus_canadensis_AF225337_alpha_gag	Avian_alpha_gag
White_Tailed_Ptarmigan_Endogenous_ALV_Lagopus_leucurus_AF225367_alpha_gag	Avian_alpha_gag
Greater_Prarie_Chicken_Endogenous_ALV_Tympanuchus_cupido_AF225394_alpha_gag	Avian_alpha_gag
Black_Billed_Capercaillie_Endogenous_ALV_Tetrao_parvirostris_AF225391_alpha_gag	Avian_alpha_gag
Hazel_Grouse_Endogenous_ALV_Bonasa_bonasia_AF225303_alpha_gag	Avian_alpha_gag
Siberian_Grouse_Endogenous_ALV_Dendragapus_falcipennis_AF225339_alpha_gag	Avian_alpha_gag
Ovine_lentivirus_NC_001511_lenti_pol	Visna-like_lenti_pol
Visna_Maedi_virus_NC_001452_lenti_pol	Visna-like_lenti_pol
Caprine_arthritis_enephalitis_virus_NC_001463_lenti_pol	Visna-like_lenti_pol
Ovine_lentivirus_NC_001511_lenti_gag	Visna-like_lenti_gag
Visna_Maedi_virus_NC_001452_lenti_gag	Visna-like_lenti_gag
Caprine_arthritis_enephalitis_virus_NC_001463_lenti_gag	Visna-like_lenti_gag
Partridge_Perdix_perdix_ERV_II_AJ236126_gamma_pol	Avian_gamma_pol
Bower_Bird_Sericulus_bakeri_ERV_II_AJ236114_gamma_pol	Avian_gamma_pol
Redwing_Terdus_iliacus_ERV_AJ236129_gamma_pol	Avian_gamma_pol
Rook_Corvus_frugilegus_ERV_AJ236130_gamma_pol	Avian_gamma_pol
Bower_Bird_Sericulus_bakeri_ERV_III_AJ236113_gamma_pol	Avian_gamma_pol
Wood_Pigeon_Columba_palumbus_ERV_AJ236133_gamma_pol	Avian_gamma_pol
Wren_Troglodytes_troglodytes_AJ236134_gamma_pol	Avian_gamma_pol
HIV1_Group_O_Senegal_AJ302646_lenti_gag	HIV_lenti_gag
HIV1_Group_P_Cameroon_HQ179987_lenti_gag	HIV_lenti_gag
SIVgor_Gorilla_gorilla_FJ424865_lenti_gag	HIV_lenti_gag
HIV1_Group_G_Sweden_AY612637_lenti_gag	HIV_lenti_gag
HIV1_Group_C_Israel_EF514713_lenti_gag	HIV_lenti_gag
HIV1_Group_B_Cuba_EU000515_lenti_gag	HIV_lenti_gag
HIV1_Group_D_Kenya_A14116_lenti_gag	HIV_lenti_gag
HIV1_Group_F1_Romania_AJ249238_lenti_gag	HIV_lenti_gag
HIV1_Group_U_Cyprus_AF286236_lenti_gag	HIV_lenti_gag
HIV1_Group_K_Cameroon_AJ249235_lenti_gag	HIV_lenti_gag
HIV_1_Group_M_Subtype_A_AY322190_lenti_gag	HIV_lenti_gag
HIV1_Group_A_Senegal_AY322191_lenti_gag	HIV_lenti_gag
HIV1_Group_N_Cameroon_HV199807_lenti_gag	HIV_lenti_gag
SIVcpz_Central_African_Chimpanzee_Pan_troglodytes_troglodytes_AF115393_lenti_gag	HIV_lenti_gag
Bovine_foamy_virus_NC_001831_spuma_pol	Non-Simian-Foamy_spuma_pol
Equine_foamy_virus_NC_002201_spuma_pol	Non-Simian-Foamy_spuma_pol
Feline_Foamy_Virus_FUV_AJ223851_spuma_pol	Non-Simian-Foamy_spuma_pol
Sloth_Endogenous_Foamy_Virus_saturn_spuma_pol	Non-Simian-Foamy_spuma_pol
Gharial_Gavialis_gangeticus_ERV_AJ225215_epsilon_pol	FishReptile1_epsilon_pol
Pit_Viper_Bothrops_jararaca_ERV_AJ225222_epsilon_pol	FishReptile1_epsilon_pol
Slider_Turtle_II_Chrysemys_scripta_ERV_AJ225228_epsilon_pol	FishReptile1_epsilon_pol
Stripe_Faced_Dunnart_II_Sminthopsis_macroura_ERV_AJ225231_epsilon_pol	FishReptile1_epsilon_pol
Iberian_Frog_Rana_iberica_ERV_AJ225217_epsilon_pol	FishReptile1_epsilon_pol
Slider_Turtle_I_Chrysemys_scripta_ERV_AJ225227_epsilon_pol	FishReptile1_epsilon_pol
Tuatara_Sphenodon_spp_ERV_AJ225236_epsilon_pol	FishReptile1_epsilon_pol
South_American_Lungfish_Lepidosiren_paradoxa_ERV_2_AJ244574_epsilon_pol	FishReptile1_epsilon_pol
Spotted_African_Lungfish_Protopterus_dolloi_ERV_3_AJ244583_epsilon_pol	FishReptile1_epsilon_pol
Murine_ERV_10_IAP_Mmur9_chr6_3601856_3604375_beta_pol	IAP-like_beta_pol
Uromys_neobritanicus_Giant_Rat_ERV_AY820124_beta_pol	IAP-like_beta_pol
Oryctolagus_cuniculus_European_rabbit_AY820112_beta_pol	IAP-like_beta_pol
Cynomys_ludovicianus_Prairie_dog_ERV_AY820050_beta_pol	IAP-like_beta_pol
Myomys_yemeni_Yemeni_mouse_AY820108_beta_pol	IAP-like_beta_pol
Phoenicopterus_chilensis_Flamingo_AY820054_alpha_pol	Avian_alpha_pol
Cyanopica_cyanus_Azure_winged_magpie_ERV_AY820097_alpha_pol	Avian_alpha_pol
Phasianus_colchicus_colchicus_Ring_necked_pheasant_ERV_II_AY820058_alpha_pol	Avian_alpha_pol
Gallinula_chloropus_Moorhen_ERV_I_ERV_AY820082_alpha_pol	Avian_alpha_pol
Eudromia_elegans_Elegant_crested_tinamou_ERV_AY820061_alpha_pol	Avian_alpha_pol
Circus_aeruginosus_Marsh_harrier_ERV_I_AY820063_alpha_pol	Avian_alpha_pol
Falco_peregrinus_Peregrine_falcon_ERV_AY820095_alpha_pol	Avian_alpha_pol
Pica_pica_Common_magpie_ERV_II_AY820121_alpha_pol	Avian_alpha_pol
Parus_caeruleus_Blue_tit_ERV_II_AY820078_alpha_pol	Avian_alpha_pol
Pica_pica_Common_magpie_ERV_III_AY820122_alpha_pol	Avian_alpha_pol
Picus_viridis_Green_woodpecker_ERV_AY820055_alpha_pol	Avian_alpha_pol
Pterocnemia_darwinii_Darwins_rhea_ERV_AY820053_alpha_pol	Avian_alpha_pol
Rhea_americana_Greater_rhea_ERV_AY820084_alpha_pol	Avian_alpha_pol
Columba_palumbus_Wood_Pigeon_ERV_II_AY820090_alpha_pol	Avian_alpha_pol
Parus_caeruleus_Blue_tit_ERV_III_AY820079_alpha_pol	Avian_alpha_pol
Gallinula_chloropus_Moorhen_ERV_II_ERV_AY820083_alpha_pol	Avian_alpha_pol
Struthio_camelus_Ostrich_ERV_AY820094_alpha_pol	Avian_alpha_pol
Flying_Fish_Exocetus_spp_ERV_AJ244580_epsilon_pol	WDSV-like_epsilon_pol
Puffer_Fish_Fugu_rubripes_ERV_AJ225223_epsilon_pol	WDSV-like_epsilon_pol
Walleye_Dermal_Sarcoma_Virus_4_NC_001867_epsilon_pol	WDSV-like_epsilon_pol
Walleye_Epidermal_Hyperplasia_Virus_1_AF133051_epsilon_pol	WDSV-like_epsilon_pol
Walleye_Epidermal_Hyperplasia_Virus_2_AF133052_epsilon_pol	WDSV-like_epsilon_pol
Francois_Leaf_Monkey_Presbytis_francoisi_Simian_Foamy_Virus_AF516485_spuma_pol	Simian-Foamy-1_spuma_pol
Barbary_Macaque_Macaca_sylvanus_Simian_Foamy_Virus_AY686190_spuma_pol	Simian-Foamy-1_spuma_pol
Mantled_Guereza_Colobus_guereza_Simian_Foamy_Virus_AY278791_spuma_pol	Simian-Foamy-1_spuma_pol
Bonnet_Macaque_Macaca_radiata_Simian_Foamy_Virus_AY686199_spuma_pol	Simian-Foamy-1_spuma_pol
Formosan_Rock_Macaque_Macaca_cyclopsis_Simian_Foamy_Virus_X83290_spuma_pol	Simian-Foamy-1_spuma_pol
Simian_Foamy_Virus_Macaque_X54482_spuma_pol	Simian-Foamy-1_spuma_pol
Cynomolgus_Macaque_Macaca_fasicularis_Simian_Foamy_Virus_AY686197_spuma_pol	Simian-Foamy-1_spuma_pol
Pig_Tailed_Macaque_Macaca_nemestrina_Simian_Foamy_Virus_AY686196_spuma_pol	Simian-Foamy-1_spuma_pol
Japanese_Macaque_Macaca_fuscata_Simian_Foamy_Virus_AY686200_spuma_pol	Simian-Foamy-1_spuma_pol
Stump_Tailed_Macaque_Macaca_arctoides_Simian_Foamy_Virus_AY686198_spuma_pol	Simian-Foamy-1_spuma_pol
Douc_Langur_Pygathrix_nemaeus_Simian_Foamy_Virus_AY686202_spuma_pol	Simian-Foamy-1_spuma_pol
Macaque_Simian_Foamy_Virus_X83292_spuma_pol	Simian-Foamy-1_spuma_pol
Lion_Tailed_Macaque_Macaca_silenus_Simian_Foamy_Virus_AY686201_spuma_pol	Simian-Foamy-1_spuma_pol
Red_Capped_Mangabey_Cercocebus_torquatus_Simian_Foamy_Virus_AY686183_spuma_pol	Simian-Foamy-1_spuma_pol
Agile_Mangabey_Cercocebus_agilis_Simian_Foamy_Virus_AY278786_spuma_pol	Simian-Foamy-1_spuma_pol
Sooty_Managabey_Cercocebus_torquatus_atys_Simian_Foamy_Virus_AY686184_spuma_pol	Simian-Foamy-1_spuma_pol
Grey_Cheeked_Mangabey_Lophocebus_albigena_Simian_Foamy_Virus_AY686182_spuma_pol	Simian-Foamy-1_spuma_pol
Guinea_Baboon_Papio_papio_Simian_Foamy_Virus_AY686177_spuma_pol	Simian-Foamy-1_spuma_pol
Baboon_Simian_Foamy_Virus_AF049081_spuma_pol	Simian-Foamy-1_spuma_pol
Olive_Baboon_Papio_anubis_Simian_Foamy_Virus_AY686175_spuma_pol	Simian-Foamy-1_spuma_pol
Gelada_Baboon_Theropithecus_gelada_Simian_Foamy_Virus_AY686180_spuma_pol	Simian-Foamy-1_spuma_pol
Hamadryas_Baboon_Papio_hamadryas_Simian_Foamy_Virus_AY686178_spuma_pol	Simian-Foamy-1_spuma_pol
Chacma_Baboon_Papio_ursinus_Simian_Foamy_Virus_AY686179_spuma_pol	Simian-Foamy-1_spuma_pol
Yellow_Baboon_Papio_cynocephalus_Simian_Foamy_Virus_AY686176_spuma_pol	Simian-Foamy-1_spuma_pol
Talapoin_Monkey_Miopithecus_talapoin_Simian_Foamy_Virus_AY278787_spuma_pol	Simian-Foamy-1_spuma_pol
Drill_Mandrillus_leucophaeus_Simian_Foamy_Virus_AY686181_spuma_pol	Simian-Foamy-1_spuma_pol
Mandrill_Mandrillus_sphinx_Simian_Foamy_Virus_2_AY278790_spuma_pol	Simian-Foamy-1_spuma_pol
Mandrill_Mandrillus_sphinx_Simian_Foamy_Virus_1_AY278789_spuma_pol	Simian-Foamy-1_spuma_pol
Mandrill_Simian_Foamy_Virus_Mandrillus_sphinx_GU169742_spuma_pol	Simian-Foamy-1_spuma_pol
Hamelyns_Monkey_Cercopithecus_hamlyni_Simian_Foamy_Virus_AY442339_spuma_pol	Simian-Foamy-1_spuma_pol
Human_Acquired_Simian_Foamy_Virus_Cameroon_1_AY278774_spuma_pol	Simian-Foamy-1_spuma_pol
Patas_Monkey_Erythrocebus_patas_Simian_Foamy_Virus_AY278780_spuma_pol	Simian-Foamy-1_spuma_pol
LHoests_Monkey_Cercopithecus_lhoesti_Simian_Foamy_Virus_AY278781_spuma_pol	Simian-Foamy-1_spuma_pol
Grivet_Monkey_Chlorocebus_aethiops_Simian_Foamy_Virus_AY686187_spuma_pol	Simian-Foamy-1_spuma_pol
Simian_Foamy_Virus_African_Green_Monkey_M74895_spuma_pol	Simian-Foamy-1_spuma_pol
African_Green_Monkey_Chlorocebus_sabaeus_Simian_Foamy_Virus_AY686186_spuma_pol	Simian-Foamy-1_spuma_pol
African_Green_Monkey_Cercopithecus_aethiops_Simian_Foamy_Virus_X83295_spuma_pol	Simian-Foamy-1_spuma_pol
Vervet_Monkey_Chlorocebus_pygerythrus_Simian_Foamy_Virus_AY686185_spuma_pol	Simian-Foamy-1_spuma_pol
De_Brazzas_Monkey_Cercopithecus_neglectus_Simian_Foamy_Virus_AY686188_spuma_pol	Simian-Foamy-1_spuma_pol
Red_Eared_Guenon_Cercopithecus_cephus_Simian_Foamy_Virus_AY278779_spuma_pol	Simian-Foamy-1_spuma_pol
Mona_Monkey_Cercopithecus_mona_Simian_Foamy_Virus_AY686189_spuma_pol	Simian-Foamy-1_spuma_pol
Sykes_Monkey_Cercopithecus_albogularis_Simian_Foamy_Virus_AY278778_spuma_pol	Simian-Foamy-1_spuma_pol
HIV_2_Group_G_AF208027_lenti_gag	SIV2-HIV_lenti_gag
HIV_2_Group_H_AY530889_lenti_gag	SIV2-HIV_lenti_gag
SIVstm_Stump_Tailed_Macaque_Macacca_arctoides_M83293_lenti_gag	SIV2-HIV_lenti_gag
SIVsmm_Sooty_Mangabey_Cercocebus_atys_M80194_lenti_gag	SIV2-HIV_lenti_gag
SIVnme_Pig_Tailed_Macaque_Macacca_nemestrina_M32741_lenti_gag	SIV2-HIV_lenti_gag
Simian_Human_immunodeficiency_virus_NC_001870_lenti_gag	SIV2-HIV_lenti_gag
SIVmac_Rhesus_Macaque_Macacca_mulatta_D01065_lenti_gag	SIV2-HIV_lenti_gag
HIV_2_Group_A_D00835_lenti_gag	SIV2-HIV_lenti_gag
HIV_2_Group_B_U27200_lenti_gag	SIV2-HIV_lenti_gag
SIVagmTan_African_Green_Monkey_Tantalus_Chlorocebus_tantalus_U58991_lenti_gag	SIV2-HIV_lenti_gag
SIVbab_Hamadryas_Baboon_Papio_hamadryas_1_U10899_lenti_gag	SIV2-HIV_lenti_gag
SIVagi_Agile_Mangabey_Cercocebus_agilis_HM803690_lenti_gag	SIV2-HIV_lenti_gag
SIVrcm_Red_Capped_Mangabey_Cercocebus_torquatus_AF349680_lenti_gag	SIV2-HIV_lenti_gag
SIVagmSab_Afican_Green_Monkey_Sabaeus_Chlorocebus_sabaeus_U04005_lenti_gag	SIV2-HIV_lenti_gag
SIVdrl_Drill_Mandrillus_leucophaeus_AY159321_lenti_gag	SIV2-HIV_lenti_gag
SIVsyk_Sykes_Monkey_Cercopithecus_albogularis_L06042_lenti_gag	SIV2-HIV_lenti_gag
SIVmon_Mona_Monkey_Cercopithecus_mona_AJ549283_lenti_gag	SIV2-HIV_lenti_gag
SIVgsn_Greater_Spot_Nosed_Monkey_Cercopithecus_nictitans_AF468658_lenti_gag	SIV2-HIV_lenti_gag
SIVmus_Moustached_Guenon_Cercopithecus_cephus_AY340700_lenti_gag	SIV2-HIV_lenti_gag
SIVdeb_De_Brazzas_Monkey_Cercopithecus_neglectus_FJ919724_lenti_gag	SIV2-HIV_lenti_gag
SIVden_Dents_Mona_Cercopithecus_denti_AJ580407_lenti_gag	SIV2-HIV_lenti_gag
Human_ERV_FRD_RepBase_MER50I_2202_3062_gamma_gag	HERVF-like_gamma_gag
Human_ERV_W_RepBase_HERV17_2409_3131_gamma_gag	HERVF-like_gamma_gag
Gorilla_HERV_Fc_Like_ERV_AJ507128_gamma_gag	HERVF-like_gamma_gag
Human_ERV_Fc2_RepBase_HERV_Fc2_903_1787_gamma_gag	HERVF-like_gamma_gag
Human_ERV_F_RepBase_HERVFH19_1291_2247_gamma_gag	HERVF-like_gamma_gag
Human_ERV_FXA_RepBase_HERVFH21_1271_1678_gamma_gag	HERVF-like_gamma_gag
Oryzomys_intermedius_ERV_Rice_rat_AY820125_beta_pol	HERVK-like_beta_pol
Sheep_Endogenous_Retrovirus_Beta_2_AY193894_beta_pol	HERVK-like_beta_pol
Sheep_Endogenous_Retrovirus_Beta_3_AY193895_beta_pol	HERVK-like_beta_pol
Human_ERV_HML3_Hg16_chr1_48350963_48351793_beta_pol	HERVK-like_beta_pol
Human_ERV_K_HML3_RepBase_HERVK9_2356_4875_beta_pol	HERVK-like_beta_pol
Chimpanzee_ERV_K1_DQ112112_beta_pol	HERVK-like_beta_pol
Human_ERV_K_HML2_RepBase_HERVK_2986_5535_beta_pol	HERVK-like_beta_pol
Human_ERV_KOLD12309_DQ112102_beta_pol	HERVK-like_beta_pol
Human_ERV_K_14C_RepBase_HERVK14C_2884_5091_beta_pol	HERVK-like_beta_pol
Human_ERV_K_HML1_RepBase_HERVK14_2637_5114_beta_pol	HERVK-like_beta_pol
Human_ERV_HML1_Hg16_chr19_21857933_21858904_beta_pol	HERVK-like_beta_pol
Human_ERV_K_HML8_RepBase_HERVK11_3115_5631_beta_pol	HERVK-like_beta_pol
Human_ERV_K_HML7_RepBase_HERVK11D_3077_5545_beta_pol	HERVK-like_beta_pol
Human_ERV_K_HML4_RepBase_HERVK13_3603_4289_beta_pol	HERVK-like_beta_pol
Human_ERV_K_HML6_RepBase_HERVK3_2632_3723_beta_pol	HERVK-like_beta_pol
Possum_Endogenous_Retrovirus_TvERV_AF284693_beta_env	SRV-like_beta_env
Squirrel_monkey_retrovirus_NC_001514_beta_env	SRV-like_beta_env
Baboon_ERV_D10032_beta_env	SRV-like_beta_env
Simian_ERV_JN134185_beta_env	SRV-like_beta_env
Simian_Retrovirus_6_AF187057_beta_env	SRV-like_beta_env
Simian_Retrovirus_2_M16605_beta_env	SRV-like_beta_env
Simian_retrovirus_4_NC_014474_beta_env	SRV-like_beta_env
Mason_Pfizer_Monkey_Virus_NC_001550_beta_env	SRV-like_beta_env
Simian_Retrovirus_1_M11841_beta_env	SRV-like_beta_env
SIVlhoest_LHoests_Monkey_Cercopithecus_lhoesti_AF075269_lenti_gag	SIV1_lenti_gag
SIVsun_Sun_Tailed_Monkey_Cercopithecus_solatus_AF131870_lenti_gag	SIV1_lenti_gag
SIVmnd1_Mandrill_Mandrillus_sphinx_M27470_lenti_gag	SIV1_lenti_gag
Porcine_ERV_A_AJ293656_gamma_pol	GALV-like_gamma_pol
Mus_caroli_Endogenous_Retrovirus_McERV_AF161307_gamma_pol	GALV-like_gamma_pol
Mus_Dunni_ERV_AF053745_gamma_pol	GALV-like_gamma_pol
Porcine_ERV_C_EF133960_gamma_pol	GALV-like_gamma_pol
Domestic_Pig_Sus_scrofa_ERV_X99933_gamma_pol	GALV-like_gamma_pol
Porcine_ERV_B_AY099324_gamma_pol	GALV-like_gamma_pol
Murine_ERV_3_MuRRS_Mmur9_chr5_148363980_148364933_gamma_pol	GALV-like_gamma_pol
Mus_musculus_Endogenous_Retrovirus_C_MuERVC_AF049340_gamma_pol	GALV-like_gamma_pol
Murine_ERV_1_MmERV_Mmur9_chr18_6349655_6352663_gamma_pol	GALV-like_gamma_pol
Gibbon_Ape_Leukaemia_Virus_Strain_SF_2_X13194_gamma_pol	GALV-like_gamma_pol
Gibbon_Ape_Leukaemia_Virus_Strain_X_U60065_gamma_pol	GALV-like_gamma_pol
Giboon_Ape_Leukaemia_Virus_Strain_X_U60065_gamma_pol	GALV-like_gamma_pol
Gibbon_Ape_Leukaemia_Virus_NC_001885_gamma_pol	GALV-like_gamma_pol
Gibbon_Ape_Leukaemia_Virus_Strain_SEATO_SF_M26927_gamma_pol	GALV-like_gamma_pol
Woolly_Monkey_Sarcoma_Virus_NC_009424_gamma_pol	GALV-like_gamma_pol
Koala_ERV_AF151794_gamma_pol	GALV-like_gamma_pol
Koala_ERV_1_DQ683168_gamma_pol	GALV-like_gamma_pol
Killer_Whale_Orcinus_Orca_ERV_GQ222416_gamma_pol	GALV-like_gamma_pol
SIVolc_Olive_Colobus_Procolobus_verus_FM165200_lenti_pol	SIV3_lenti_pol
SIVtrc_Thollons_Red_Colobus_Piliocolobus_tholloni_1_JN020274_lenti_pol	SIV3_lenti_pol
SIVtrc_Temmincks_Red_Colobus_Pilicolobus_badius_temminckii_AM937062_lenti_pol	SIV3_lenti_pol
SIVwrc_Western_Red_Colobus_Pilocolobus_badius_AM713177_lenti_pol	SIV3_lenti_pol
SIVmnd1_Mandrill_Mandrillus_sphinx_M27470_lenti_pol	SIV3_lenti_pol
SIVprg_Preuss_Guenon_Cercopithecus_preussi_insularis_1_HM363424_lenti_pol	SIV3_lenti_pol
SIVlhoest_LHoests_Monkey_Cercopithecus_lhoesti_AF075269_lenti_pol	SIV3_lenti_pol
SIVsun_Sun_Tailed_Monkey_Cercopithecus_solatus_AF131870_lenti_pol	SIV3_lenti_pol
Enzootic_nasal_tumour_virus_of_goats_NC_004994_beta_gag	Jaagsieke-like_beta_gag
Jaagsieke_Sheep_Retrovirus_NC_001494_beta_gag	Jaagsieke-like_beta_gag
Ovine_enzootic_nasal_tumour_virus_NC_007015_beta_gag	Jaagsieke-like_beta_gag
Sheep_ERV_Jaagisiekte_1_EF680311_beta_gag	Jaagsieke-like_beta_gag
Reticuloendotheliosis_Virus_NC_006934_gamma_gag	REV-like_gamma_gag
Human_ERV_Rb_RepBase_PABLB_int_1095_1883_gamma_gag	REV-like_gamma_gag
Human_ERV_E_RepBase_HERVE_571_2067_gamma_gag	REV-like_gamma_gag
Human_ERV_Ea_RepBase_HERVEa_552_2060_gamma_gag	REV-like_gamma_gag
Human_ERV_1_RepBase_HERV1_870_2483_gamma_gag	REV-like_gamma_gag
Human_ERV_3_RepBase_HERV3_1418_2290_gamma_gag	REV-like_gamma_gag
Human_ERV_T_RepBase_HERVS71_1956_3128_gamma_gag	REV-like_gamma_gag
Jaagsieke_Sheep_Retrovirus_NC_001494_beta_env	Jaagsieke-like_beta_env
Endogenous_Jaagsieke_Sheep_Retrovirus_EF680313_beta_env	Jaagsieke-like_beta_env
Ovine_enzootic_nasal_tumour_virus_NC_007015_beta_env	Jaagsieke-like_beta_env
Enzootic_nasal_tumour_virus_of_goats_NC_004994_beta_env	Jaagsieke-like_beta_env
Possum_Endogenous_Retrovirus_TvERV_AF284693_beta_pol	SRV-like_beta_pol
Herpestes_javanicus_Small_mongoose_ERV_II_AY820117_beta_pol	SRV-like_beta_pol
Nycticebus_coucang_Slow_loris_ERV_AY820111_beta_pol	SRV-like_beta_pol
Squirrel_monkey_retrovirus_NC_001514_beta_pol	SRV-like_beta_pol
Herpestes_javanicus_Small_mongoose_ERV_I_AY820116_beta_pol	SRV-like_beta_pol
Simian_ERV_JN134185_beta_pol	SRV-like_beta_pol
Simian_Retrovirus_2_M16605_beta_pol	SRV-like_beta_pol
Colobus_angolensis_Colobus_ERV_AY820104_beta_pol	SRV-like_beta_pol
Mason_Pfizer_Monkey_Virus_NC_001550_beta_pol	SRV-like_beta_pol
Simian_Retrovirus_1_M11841_beta_pol	SRV-like_beta_pol
Simian_retrovirus_4_NC_014474_beta_pol	SRV-like_beta_pol
Murine_ERV_MusD_AF246632_beta_pol	SRV-like_beta_pol
FIVple_Lion_Pantera_leo_1_AY878208_lenti_pol	FIV1_lenti_pol
FIVpun_Snow_Leopard_Panthera_uncia_AY878242_lenti_pol	FIV1_lenti_pol
FIVoma_Pallas_Cat_Otocolobus_manul_1_AY878238_lenti_pol	FIV1_lenti_pol
FIVaju_Cheetah_Acinonyx_jubatus_1_AY878201_lenti_pol	FIV1_lenti_pol
FIVppa_Leopard_Panthera_pardus_1_AY878204_lenti_pol	FIV1_lenti_pol
Rat_Leukaemia_Virus_M77194_gamma_pol	MLV-like_gamma_pol
Pre_XMRV_2_FR871850_gamma_pol	MLV-like_gamma_pol
Ecotropic_Murine_Leukaemia_Virus_Strain_AKR_J01998_gamma_pol	MLV-like_gamma_pol
Murine_ERV_2_MuLV_Mmur9_chr8_125952214_125955768_gamma_pol	MLV-like_gamma_pol
Pre_XMRV_1_FR871849_gamma_pol	MLV-like_gamma_pol
Xenotrophic_MuLV_Related_Virus_DQ241301_gamma_pol	MLV-like_gamma_pol
Moloney_Murine_Leukaemia_Virus_NC_001501_gamma_pol	MLV-like_gamma_pol
Murine_Leukaemia_Virus_Strain_10A1_AF290913_gamma_pol	MLV-like_gamma_pol
Murine_Leukaemia_Virus_Strain_4070A_EU075333_gamma_pol	MLV-like_gamma_pol
Murine_Leukaemia_Virus_Strain_Cas_Br_E_X57540_gamma_pol	MLV-like_gamma_pol
Friend_Murine_Leukaemia_Virus_NC_001362_gamma_pol	MLV-like_gamma_pol
Rauscher_Murine_Leukaemia_Virus_NC_001819_gamma_pol	MLV-like_gamma_pol
Mink_Cell_Focus_Forming_Virus_AF133256_gamma_pol	MLV-like_gamma_pol
Rauscher_Spleen_Focus_Forming_Virus_K02375_gamma_pol	MLV-like_gamma_pol
Feline_Leukaemia_Virus_NC_001940_gamma_pol	MLV-like_gamma_pol
Endogenous_Feline_Leukaemia_Virus_A1_AY364318_gamma_pol	MLV-like_gamma_pol
Endogenous_Feline_Leukaemia_Virus_A2_AY364319_gamma_pol	MLV-like_gamma_pol
Baboon_ERV_D10032_gamma_pol	MLV-like_gamma_pol
RD114_Retrovirus_NC_009889_gamma_pol	MLV-like_gamma_pol
SIVmon_Mona_Monkey_Cercopithecus_mona_AJ549283_lenti_env	SIV1-HIV_lenti_env
SIVgsn_Greater_Spot_Nosed_Monkey_Cercopithecus_nictitans_AF468658_lenti_env	SIV1-HIV_lenti_env
SIVmus_Moustached_Guenon_Cercopithecus_cephus_AY340700_lenti_env	SIV1-HIV_lenti_env
HIV1_Group_C_Israel_EF514713_lenti_env	SIV1-HIV_lenti_env
HIV1_Group_G_Sweden_AY612637_lenti_env	SIV1-HIV_lenti_env
HIV_1_Group_M_Subtype_A_AY322190_lenti_env	SIV1-HIV_lenti_env
HIV1_Group_A_Senegal_AY322191_lenti_env	SIV1-HIV_lenti_env
HIV1_Group_D_Kenya_A14116_lenti_env	SIV1-HIV_lenti_env
HIV1_Group_B_Cuba_EU000515_lenti_env	SIV1-HIV_lenti_env
Simian_Human_immunodeficiency_virus_NC_001870_lenti_env	SIV1-HIV_lenti_env
HIV1_Group_U_Cyprus_AF286236_lenti_env	SIV1-HIV_lenti_env
HIV1_Group_F1_Romania_AJ249238_lenti_env	SIV1-HIV_lenti_env
HIV1_Group_K_Cameroon_AJ249235_lenti_env	SIV1-HIV_lenti_env
HIV1_Group_N_Cameroon_HV199807_lenti_env	SIV1-HIV_lenti_env
SIVcpz_Central_African_Chimpanzee_Pan_troglodytes_troglodytes_AF115393_lenti_env	SIV1-HIV_lenti_env
HIV1_Group_O_Senegal_AJ302646_lenti_env	SIV1-HIV_lenti_env
HIV1_Group_P_Cameroon_HQ179987_lenti_env	SIV1-HIV_lenti_env
SIVgor_Gorilla_gorilla_FJ424865_lenti_env	SIV1-HIV_lenti_env
SIVsyk_Sykes_Monkey_Cercopithecus_albogularis_L06042_lenti_env	SIV1-HIV_lenti_env
SIVdeb_De_Brazzas_Monkey_Cercopithecus_neglectus_FJ919724_lenti_env	SIV1-HIV_lenti_env
SIVden_Dents_Mona_Cercopithecus_denti_AJ580407_lenti_env	SIV1-HIV_lenti_env
FIVpco_Puma_Puma_concolor_EF455613_lenti_gag	FIV_lenti_gag
FIVfca_Domestic_cat_Felis_cattus_Petaluma_isolate_M25381_lenti_gag	FIV_lenti_gag
FIVfca_Domestic_cat_Felis_cattus_San_Diego_isolate_M36968_lenti_gag	FIV_lenti_gag
FIVoma_Pallas_cat_Otocolobus_manul_U56928_lenti_gag	FIV_lenti_gag
FIVPleB_Lion_Pantera_leo_Subtype_B_EU117991_lenti_gag	FIV_lenti_gag
FIVPcoA_Puma_Puma_concolor_Subtype_A_U03982_lenti_gag	FIV_lenti_gag
Stoat_Mustela_erminea_Mer_1_ERV_JQ700134_lenti_gag	Mustelidae_lenti_gag
Long_Tailed_Weasel_Mustela_frenata_Mf_1_ERV_JQ700153_lenti_gag	Mustelidae_lenti_gag
North_American_River_Otter_Lontra_canadensis_Lc_1_ERV_JQ700124_lenti_gag	Mustelidae_lenti_gag
Steepe_Polecat_Mustela_eversmannii_Mev_1_ERV_JQ700142_lenti_gag	Mustelidae_lenti_gag
SIVtal_Talapoin_Miopithecus_talapoin_AF119257_lenti_pol	SIV1_lenti_pol
SIVdeb_De_Brazzas_Monkey_Cercopithecus_neglectus_FJ919724_lenti_pol	SIV1_lenti_pol
SIVden_Dents_Mona_Cercopithecus_denti_AJ580407_lenti_pol	SIV1_lenti_pol
SIVwol_Wolfs_Mona_Monkey_Cercopithecus_mona_wolfi_1_JN020273_lenti_pol	SIV1_lenti_pol
SIVbkm_Black_Mangabey_Lophocebus_aterrimus_AY518534_lenti_pol	SIV1_lenti_pol
SIVmon_Mona_Monkey_Cercopithecus_mona_AJ549283_lenti_pol	SIV1_lenti_pol
SIVgsn_Greater_Spot_Nosed_Monkey_Cercopithecus_nictitans_AF468658_lenti_pol	SIV1_lenti_pol
SIVmus_Moustached_Guenon_Cercopithecus_cephus_AY340700_lenti_pol	SIV1_lenti_pol
SIVreg_Red_Eared_Guenon_Cercopithecus_erythrotis_1_AJ627021_lenti_pol	SIV1_lenti_pol
SIVtal_Gabon_talapoin_Miopithecus_ougouensis_AF478594_lenti_pol	SIV1_lenti_pol
SIVasc_Red_Tailed_Monkey_Cercopithecus_ascanius_AJ55140_lenti_pol	SIV1_lenti_pol
SIVsyk_Sykes_Monkey_Cercopithecus_albogularis_L06042_lenti_pol	SIV1_lenti_pol
SIVagmTan_African_Green_Monkey_Tantalus_Chlorocebus_tantalus_U58991_lenti_pol	SIV1_lenti_pol
Mongolian_Gerbil_Meriones_unguiculatus_Syncytin_B_AY849979_gamma_env	Rodent-Syncytin_gamma_env
Brown_Rat_Rattus_norvegicus_Syncytin_B_AY849978_gamma_env	Rodent-Syncytin_gamma_env
Mouse_Mus_musculus_Syncytin_B_AY849977_gamma_env	Rodent-Syncytin_gamma_env
Mus_musculus_Syncytin_B_NM_00173420_gamma_env	Rodent-Syncytin_gamma_env
Golden_Hamster_Mesocricetus_auratus_Syncytin_B_AY849981_gamma_env	Rodent-Syncytin_gamma_env
Bank_Vole_Myodes_glareolus_Syncytin_B_AY849980_gamma_env	Rodent-Syncytin_gamma_env
Brown_Rat_Rattus_norvegicus_Syncytin_A_AY849974_gamma_env	Rodent-Syncytin_gamma_env
Brown_Rat_Syncytin_A_NM_001014771_gamma_env	Rodent-Syncytin_gamma_env
Mouse_Mus_musculus_Syncytin_A_AY849973_gamma_env	Rodent-Syncytin_gamma_env
Mus_musculus_Syncytin_A_NM_001013751_gamma_env	Rodent-Syncytin_gamma_env
Bank_Vole_Myodes_glareolus_Syncytin_A_AY849975_gamma_env	Rodent-Syncytin_gamma_env
Golden_Hamster_Mesocricetus_auratus_Syncytin_A_AY849976_gamma_env	Rodent-Syncytin_gamma_env
Koala_ERV_AF151794_gamma_env	GALV-like_gamma_env
Gibbon_Ape_Leukaemia_Virus_NC_001885_gamma_env	GALV-like_gamma_env
Gibbon_Ape_Leukaemia_Virus_Strain_SEATO_SF_M26927_gamma_env	GALV-like_gamma_env
Gibbon_Ape_Leukaemia_Virus_Strain_SF_2_X13194_gamma_env	GALV-like_gamma_env
Gibbon_Ape_Leukaemia_Virus_Strain_X_U60065_gamma_env	GALV-like_gamma_env
Giboon_Ape_Leukaemia_Virus_Strain_X_U60065_gamma_env	GALV-like_gamma_env
Porcine_ERV_B_AY099324_gamma_env	GALV-like_gamma_env
Mus_Dunni_ERV_AF053745_gamma_env	GALV-like_gamma_env
Porcine_ERV_C_EF133960_gamma_env	GALV-like_gamma_env
Porcine_ERV_A_AJ293656_gamma_env	GALV-like_gamma_env
Murine_ERV_1_MmERV_Mmur9_chr18_6346963_6348951_gamma_env	GALV-like_gamma_env
Casuarius_casuarius_Cassowary_ERV_AY820067_beta_pol	Avian_beta_pol
Aptenodytes_patagonicus_King_penguin_ERV_AY820096_beta_pol	Avian_beta_pol
Apteryx_haastii_Great_spotted_kiwi_ERV_AY820056_beta_pol	Avian_beta_pol
Apteryx_owenii_Little_spotted_kiwi_ERV_I_AY820059_beta_pol	Avian_beta_pol
Anser_albifrons_White_fronted_goose_ERV_AY820076_beta_pol	Avian_beta_pol
Cathartes_aura_Turkey_vulture_ERV_AY820062_beta_pol	Avian_beta_pol
Catharus_guttatus_Hermit_thrush_ERV_II_AY820120_beta_pol	Avian_beta_pol
Herpestes_javanicus_Small_mongoose_ERV_III_AY820118_beta_pol	Avian_beta_pol
Tetrao_tetrix_Blue_tit_ERV_IV_AY820080_beta_pol	Avian_beta_pol
Accipiter_gentilis_Goshawk_ERV_AY820066_beta_pol	Avian_beta_pol
Buteo_regalis_Ferruginous_hawk_ERV_AY820087_beta_pol	Avian_beta_pol
Apteryx_australis_Brown_kiwi_ERV_AY820065_beta_pol	Avian_beta_pol
Acryllium_vulturinum_Guineafowl_ERV_ERV_I_AY820101_beta_pol	Avian_beta_pol
Gavia_ERV_Immer_Loon_ERV_II_ERV_AY820075_beta_pol	Avian_beta_pol
Selenidera_reinwardtii_Toucanette_ERV_II_AY820093_beta_pol	Avian_beta_pol
Catharus_guttatus_Hermit_thrush_ERV_IV_AY820100_beta_pol	Avian_beta_pol
Kangaroo_Endogenous_Retrovirus_A4_Macropus_eugenii_AC166215_beta_pol	Avian_beta_pol
Anas_rubripes_Black_duck_ERV_AY820068_beta_pol	Avian_beta_pol
Apteryx_owenii_Little_spotted_kiwi_ERV_II_AY820060_beta_pol	Avian_beta_pol
Catharus_guttatus_Hermit_thrush_ERV_III_AY820099_beta_pol	Avian_beta_pol
Selenidera_reinwardtii_Toucanette_ERV_I_AY820092_beta_pol	Avian_beta_pol
Gorilla_gorilla_Syncytin_1_DQ256474_gamma_env	Simian-Syncytin_gamma_env
Human_Syncytin_1_AY101582_gamma_env	Simian-Syncytin_gamma_env
Bornean_Orangutan_Pongo_pygmaeus_Syncytin_1_DQ256475_gamma_env	Simian-Syncytin_gamma_env
Siamang_Symphalangus_syndactylus_Syncytin_1_DQ256476_gamma_env	Simian-Syncytin_gamma_env
Francois_Langur_Presbytis_francoisi_Syncytin_1_DQ256478_gamma_env	Simian-Syncytin_gamma_env
Mantled_Guereza_Colobus_guereza_kikuyuensis_Syncytin_1_DQ256477_gamma_env	Simian-Syncytin_gamma_env
Rhesus_Macaque_Macaca_mulatta_Syncytin_1_DQ256481_gamma_env	Simian-Syncytin_gamma_env
Hamadryas_Baboon_Papio_hamadryas_Syncytin_1_DQ256483_gamma_env	Simian-Syncytin_gamma_env
Angolan_Talapoin_Miopithecus_talapoin_Syncytin_1_DQ256479_gamma_env	Simian-Syncytin_gamma_env
Hamelyns_Monkey_Cercopithecus_hamlyni_Syncytin_1_DQ256480_gamma_env	Simian-Syncytin_gamma_env
White_Cheeked_Gibbon_Hylobates_concolor_leucogenys_AF516487_spuma_pol	Simian-Foamy-2_spuma_pol
Pileated_Gibbon_Hylobates_pileatus_Simian_Foamy_Virus_AF516486_spuma_pol	Simian-Foamy-2_spuma_pol
Sumatran_Orangutan_Pongo_abelii_Simian_Foamy_Virus_1_AY686205_spuma_pol	Simian-Foamy-2_spuma_pol
Sumatran_Orangutan_Pongo_abelii_Simian_Foamy_Virus_2_AY686206_spuma_pol	Simian-Foamy-2_spuma_pol
Western_Lowland_Gorilla_Gorilla_gorilla_Simian_Foamy_Virus_AY278792_spuma_pol	Simian-Foamy-2_spuma_pol
Gorilla_gorilla_Simian_Foamy_Virus_AY195688_spuma_pol	Simian-Foamy-2_spuma_pol
Gorilla_Simian_Foamy_Virus_Gorilla_gorilla_HM245790_spuma_pol	Simian-Foamy-2_spuma_pol
Bonobo_Pan_paniscus_Simian_Foamy_Virus_AY686195_spuma_pol	Simian-Foamy-2_spuma_pol
Pygmy_Chimpanzee_Simian_Foamy_Virus_AF049086_spuma_pol	Simian-Foamy-2_spuma_pol
Simian_Foamy_Virus_Chimpanzee_U04327_spuma_pol	Simian-Foamy-2_spuma_pol
Eastern_Chimpanzee_Simian_Foamy_Virus_Pan_troglodytes_schweinfurthii_EU239510_spuma_pol	Simian-Foamy-2_spuma_pol
Human_Foamy_Virus_Y07725_spuma_pol	Simian-Foamy-2_spuma_pol
Human_Spumaretrovirus_U21247_spuma_pol	Simian-Foamy-2_spuma_pol
SIVolc_Olive_Colobus_Procolobus_verus_FM165200_lenti_env	SIV2-HIV_lenti_env
SIVtrc_Temmincks_Red_Colobus_Pilicolobus_badius_temminckii_AM937062_lenti_env	SIV2-HIV_lenti_env
SIVwrc_Western_Red_Colobus_Pilocolobus_badius_AM713177_lenti_env	SIV2-HIV_lenti_env
SIVlhoest_LHoests_Monkey_Cercopithecus_lhoesti_AF075269_lenti_env	SIV2-HIV_lenti_env
SIVsun_Sun_Tailed_Monkey_Cercopithecus_solatus_AF131870_lenti_env	SIV2-HIV_lenti_env
SIVdrl_Drill_Mandrillus_leucophaeus_AY159321_lenti_env	SIV2-HIV_lenti_env
SIVmnd1_Mandrill_Mandrillus_sphinx_M27470_lenti_env	SIV2-HIV_lenti_env
SIVmac_Rhesus_Macaque_Macacca_mulatta_D01065_lenti_env	SIV2-HIV_lenti_env
SIVnme_Pig_Tailed_Macaque_Macacca_nemestrina_M32741_lenti_env	SIV2-HIV_lenti_env
SIVsmm_Sooty_Mangabey_Cercocebus_atys_M80194_lenti_env	SIV2-HIV_lenti_env
SIVstm_Stump_Tailed_Macaque_Macacca_arctoides_M83293_lenti_env	SIV2-HIV_lenti_env
HIV_2_Group_G_AF208027_lenti_env	SIV2-HIV_lenti_env
HIV_2_Group_H_AY530889_lenti_env	SIV2-HIV_lenti_env
HIV_2_Group_A_D00835_lenti_env	SIV2-HIV_lenti_env
HIV_2_Group_B_U27200_lenti_env	SIV2-HIV_lenti_env
SIVagi_Agile_Mangabey_Cercocebus_agilis_HM803690_lenti_env	SIV2-HIV_lenti_env
SIVrcm_Red_Capped_Mangabey_Cercocebus_torquatus_AF349680_lenti_env	SIV2-HIV_lenti_env
SIVagmTan_African_Green_Monkey_Tantalus_Chlorocebus_tantalus_U58991_lenti_env	SIV2-HIV_lenti_env
SIVagmSab_Afican_Green_Monkey_Sabaeus_Chlorocebus_sabaeus_U04005_lenti_env	SIV2-HIV_lenti_env
SIVbab_Chacma_Baboon_Papio_ursinus_1_AF015903_lenti_env	SIV2-HIV_lenti_env
Python_curtus_ERV_AF500299_gamma_pol	HERVI-like_gamma_pol
Python_molorus_ERV_AF500296_gamma_pol	HERVI-like_gamma_pol
House_Sparrow_Passer_domesticus_ERV_Y07808_gamma_pol	HERVI-like_gamma_pol
Lemon_Shark_Negaprion_brevirostris_ERV_Y07810_gamma_pol	HERVI-like_gamma_pol
Chicken_ERV_DQ280312_gamma_pol	HERVI-like_gamma_pol
Human_ERV_I_RepBase_HERVI_3154_4647_gamma_pol	HERVI-like_gamma_pol
Human_ERV_IP10F_RepBase_HERVIP10F_2259_5717_gamma_pol	HERVI-like_gamma_pol
Human_ERV_ADP_RepBase_HERVP71A_2018_5443_gamma_pol	HERVI-like_gamma_pol
Komodo_Dragon_Varanus_komodoensis_ERV_Y07807_gamma_pol	HERVI-like_gamma_pol
Godmans_Rock_Wallaby_Petrogale_godmani_ERV_Y07809_gamma_pol	HERVI-like_gamma_pol
Ovine_lentivirus_NC_001511_lenti_env	Visna-like_lenti_env
Visna_Maedi_virus_NC_001452_lenti_env	Visna-like_lenti_env
Caprine_arthritis_enephalitis_virus_NC_001463_lenti_env	Visna-like_lenti_env
Amazonian_Poison_Frog_Dendrobates_vertrimaculatus_ERV_Dev2_X95796_epsilon_pol	Fish-Amphibian1_epsilon_pol
African_Clawed_Toad_Xenopus_laevis_ERV_AJ225207_epsilon_pol	Fish-Amphibian1_epsilon_pol
Xenopus_laevis_endogenous_retrovirus_Xen1_AJ506107_epsilon_pol	Fish-Amphibian1_epsilon_pol
Amazonian_Poison_Frog_Dendrobates_vertrimaculatus_ERV_Dev3_X95797_epsilon_pol	Fish-Amphibian1_epsilon_pol
Amazonian_Poison_Frog_Dendrobates_vertrimaculatus_ERV_Dev1_X95795_epsilon_pol	Fish-Amphibian1_epsilon_pol
Rocket_Frog_Colostethus_talamancae_ERV_AJ225226_epsilon_pol	Fish-Amphibian1_epsilon_pol
Atlantic_Salmon_Swim_Bladder_Sarcoma_Virus_1_DQ174103_epsilon_pol	Fish-Amphibian1_epsilon_pol
Zebrafish_Endogenous_Retrovirus_ZFERV_AF503912_epsilon_pol	Fish-Amphibian1_epsilon_pol
Walking_Catfish_Clarias_batrachus_ERV_AJ244586_epsilon_pol	Fish-Amphibian1_epsilon_pol
Nile_Tilapia_Oreochromis_niloticus_ERV_AJ244576_epsilon_pol	Fish-Amphibian1_epsilon_pol
Tropheops_red_cheek_Pseudotropheus_tropheops_ERV_AJ244579_epsilon_pol	Fish-Amphibian1_epsilon_pol
Rhinatremid_Caecilian_II_Epicrionops_marmoratus_ERV_AJ225225_epsilon_pol	Fish-Amphibian1_epsilon_pol
Bluntnose_Sixgill_Shark_Hexanchus_griseus_ERV_AJ244589_epsilon_pol	Fish-Amphibian1_epsilon_pol
Snakehead_Retrovirus_NC_001724_epsilon_pol	Fish-Amphibian1_epsilon_pol
Horn_Shark_Heterodontus_francisci_ERV_AJ244584_epsilon_pol	Fish-Amphibian1_epsilon_pol
Queensland_Lungfish_Neoceratodus_forsteri_ERV_AJ244587_epsilon_pol	Fish-Amphibian1_epsilon_pol
Domestic_Chicken_Endogenous_ALV_Gallus_gallus_AF225348_alpha_gag	ALV-like_alpha_gag
Green_Junglefowl_Endogenous_ALV_Gallus_varius_AF225356_alpha_gag	ALV-like_alpha_gag
Avian_Myeloblastosis_Virus_L10922_alpha_gag	ALV-like_alpha_gag
Rous_Sarcoma_Virus_Strain_Prague_C_J02342_alpha_gag	ALV-like_alpha_gag
Rous_Sarcoma_Virus_Strain_Schmidt_Ruppin_D_D10652_alpha_gag	ALV-like_alpha_gag
Avian_leukaemia_virus_NC_015116_alpha_gag	ALV-like_alpha_gag
Avian_Leukosis_Virus_Strain_HPRS103_Z46390_alpha_gag	ALV-like_alpha_gag
UR2_Sarcoma_Virus_M10455_alpha_gag	ALV-like_alpha_gag
FIVfbe_Tsushima_cat_Felis_bengalensis_euptilura_AB021118_lenti_env	FIV1_lenti_env
FIVfca_Domestic_cat_Felis_cattus_Petaluma_isolate_M25381_lenti_env	FIV1_lenti_env
FIVfca_Domestic_cat_Felis_cattus_San_Diego_isolate_M36968_lenti_env	FIV1_lenti_env
FIVPcoA_Puma_Puma_concolor_Subtype_A_U03982_lenti_env	FIV1_lenti_env
FIVoma_Pallas_cat_Otocolobus_manul_U56928_lenti_env	FIV1_lenti_env
FIVPleB_Lion_Pantera_leo_Subtype_B_EU117991_lenti_env	FIV1_lenti_env
FIVPleB_Lion_Pantera_leo_Subtype_B_EU117991_lenti_pol	FIV2_lenti_pol
FIVfca_Domestic_cat_Felis_cattus_Petaluma_isolate_M25381_lenti_pol	FIV2_lenti_pol
FIVfca_Domestic_cat_Felis_cattus_San_Diego_isolate_M36968_lenti_pol	FIV2_lenti_pol
FIVlru_Bobcat_Lynx_rufus_1_EF601137_lenti_pol	FIV2_lenti_pol
FIVPcoA_Puma_Puma_concolor_Subtype_A_U03982_lenti_pol	FIV2_lenti_pol
FIVlpa_Ocelot_Leopardus_pardalis_AY878194_lenti_pol	FIV2_lenti_pol
FIVpco_Puma_Puma_concolor_EF455613_lenti_pol	FIV2_lenti_pol
FIVhya_Jaguarundi_Puma_yagouaroundi_AY878195_lenti_pol	FIV2_lenti_pol
Human_ERV_K_HML5_RepBase_HERVK22_618_1694_beta_gag	HERVK-like_beta_gag
Human_ERV_K_HML6_RepBase_HERVK3_830_1828_beta_gag	HERVK-like_beta_gag
Human_ERV_K_HML7_RepBase_HERVK11D_1002_2027_beta_gag	HERVK-like_beta_gag
Human_ERV_K_HML8_RepBase_HERVK11_978_2108_beta_gag	HERVK-like_beta_gag
Human_ERV_K_HML4_RepBase_HERVK13_1973_2410_beta_gag	HERVK-like_beta_gag
Human_ERV_KOLD12309_DQ112102_beta_gag	HERVK-like_beta_gag
Human_ERV_K_HML2_RepBase_HERVK_144_2003_beta_gag	HERVK-like_beta_gag
Human_ERV_K10_HML_2_AF074086_beta_gag	HERVK-like_beta_gag
Human_ERV_K_14C_RepBase_HERVK14C_999_2024_beta_gag	HERVK-like_beta_gag
Human_ERV_HML3_Hg16_chr1_48353884_48354447_beta_gag	HERVK-like_beta_gag
Human_ERV_K_HML3_RepBase_HERVK9_444_1517_beta_gag	HERVK-like_beta_gag
Human_ERV_K_HML1_RepBase_HERVK14_677_1804_beta_gag	HERVK-like_beta_gag
Ovine_Progressive_Pneumonia_Virus_GQ255393_beta_gag	HERVK-like_beta_gag
Porcine_ERV_A_AJ293656_gamma_gag	GALV-like_gamma_gag
Mus_Dunni_ERV_AF053745_gamma_gag	GALV-like_gamma_gag
Porcine_ERV_C_EF133960_gamma_gag	GALV-like_gamma_gag
Porcine_ERV_B_AY099324_gamma_gag	GALV-like_gamma_gag
Mus_musculus_Endogenous_Retrovirus_C_MuERVC_AF049340_gamma_gag	GALV-like_gamma_gag
Murine_ERV_1_MmERV_Mmur9_chr18_6352670_6354217_gamma_gag	GALV-like_gamma_gag
Koala_ERV_AF151794_gamma_gag	GALV-like_gamma_gag
Woolly_Monkey_Sarcoma_Virus_NC_009424_gamma_gag	GALV-like_gamma_gag
Gibbon_Ape_Leukaemia_Virus_NC_001885_gamma_gag	GALV-like_gamma_gag
Gibbon_Ape_Leukaemia_Virus_Strain_SEATO_SF_M26927_gamma_gag	GALV-like_gamma_gag
Gibbon_Ape_Leukaemia_Virus_Strain_X_U60065_gamma_gag	GALV-like_gamma_gag
Giboon_Ape_Leukaemia_Virus_Strain_X_U60065_gamma_gag	GALV-like_gamma_gag
Killer_Whale_Orcinus_Orca_ERV_GQ222416_gamma_gag	GALV-like_gamma_gag
African_Elephant_Loxodonta_africana_ERV_L_1_AY394580_spuma_pol	ERVL-like_spuma_pol
Grey_Mouse_Lemur_Microcebus_murinus_ERV_L_1_AJ233647_spuma_pol	ERVL-like_spuma_pol
Human_ERV_L_RepBase_HERVL_2301_4796_spuma_pol	ERVL-like_spuma_pol
Murine_ERV_20_MuERV_L_Mmur9_chr12_19896887_19899313_spuma_pol	ERVL-like_spuma_pol
Rock_loving_Mouse_Mus_saxicola_ERV_L_1_AJ233670_spuma_pol	ERVL-like_spuma_pol
Mouse_Endogenous_Retrovirus_L_Y12713_spuma_pol	ERVL-like_spuma_pol
House_Mouse_Mus_musculus_ERV_L_1_AJ233591_spuma_pol	ERVL-like_spuma_pol
Pygmy_Mouse_Mus_dunni_ERV_L_AJ233595_spuma_pol	ERVL-like_spuma_pol
Asian_Elephant_Elephas_maximus_ERV_L_1_AY394571_spuma_pol	ERVL-like_spuma_pol
Rock_Hyrax_Procavia_capensis_ERV_L_1_AY394600_spuma_pol	ERVL-like_spuma_pol
Echidna_Tachyglossus_aculeatus_ERV_AJ236119_gamma_pol	REV-like_gamma_pol
Reticuloendotheliosis_Virus_NC_006934_gamma_pol	REV-like_gamma_pol
Attwaters_Prairie_Chicken_Reticuloendotheliosis_Virus_DQ237901_gamma_pol	REV-like_gamma_pol
Chick_Syncytial_Virus_DQ237904_gamma_pol	REV-like_gamma_pol
Human_ERV_T_RepBase_HERVS71_4285_7038_gamma_pol	REV-like_gamma_pol
Simian_ERV_JN134185_beta_gag	SRV-like_beta_gag
Simian_Retrovirus_2_M16605_beta_gag	SRV-like_beta_gag
Mason_Pfizer_Monkey_Virus_NC_001550_beta_gag	SRV-like_beta_gag
Simian_Retrovirus_1_M11841_beta_gag	SRV-like_beta_gag
Simian_Retrovirus_5_AF252389_beta_gag	SRV-like_beta_gag
Simian_retrovirus_4_NC_014474_beta_gag	SRV-like_beta_gag
Murine_ERV_MusD_AF246632_beta_gag	SRV-like_beta_gag
Chimpanzee_ERV_K1_DQ112112_beta_env	HERVK-like_beta_env
Human_ERV_K10_HML_2_AF074086_beta_env	HERVK-like_beta_env
Human_ERV_KOLD12309_DQ112102_beta_env	HERVK-like_beta_env
Human_ERV_HML1_Hg16_chr19_21856241_21857803_beta_env	HERVK-like_beta_env
HIV_2_Group_A_D00835_lenti_pol	SIV2-HIV_lenti_pol
SIVstm_Stump_Tailed_Macaque_Macacca_arctoides_M83293_lenti_pol	SIV2-HIV_lenti_pol
SIVsmm_Sooty_Mangabey_Cercocebus_atys_M80194_lenti_pol	SIV2-HIV_lenti_pol
SIVnme_Pig_Tailed_Macaque_Macacca_nemestrina_M32741_lenti_pol	SIV2-HIV_lenti_pol
Simian_Human_immunodeficiency_virus_NC_001870_lenti_pol	SIV2-HIV_lenti_pol
SIVmac_Rhesus_Macaque_Macacca_mulatta_D01065_lenti_pol	SIV2-HIV_lenti_pol
HIV_2_Group_B_U27200_lenti_pol	SIV2-HIV_lenti_pol
HIV_2_Group_G_AF208027_lenti_pol	SIV2-HIV_lenti_pol
HIV_2_Group_H_AY530889_lenti_pol	SIV2-HIV_lenti_pol
SIVagmSab_Afican_Green_Monkey_Sabaeus_Chlorocebus_sabaeus_U04005_lenti_pol	SIV2-HIV_lenti_pol
SIVcpz_Central_African_Chimpanzee_Pan_troglodytes_troglodytes_AF115393_lenti_pol	SIV2-HIV_lenti_pol
HIV1_Group_N_Cameroon_HV199807_lenti_pol	SIV2-HIV_lenti_pol
HIV1_Group_C_Israel_EF514713_lenti_pol	SIV2-HIV_lenti_pol
HIV1_Group_U_Cyprus_AF286236_lenti_pol	SIV2-HIV_lenti_pol
HIV1_Group_F1_Romania_AJ249238_lenti_pol	SIV2-HIV_lenti_pol
HIV1_Group_K_Cameroon_AJ249235_lenti_pol	SIV2-HIV_lenti_pol
HIV1_Group_B_Cuba_EU000515_lenti_pol	SIV2-HIV_lenti_pol
HIV1_Group_D_Kenya_A14116_lenti_pol	SIV2-HIV_lenti_pol
HIV_1_Group_M_Subtype_A_AY322190_lenti_pol	SIV2-HIV_lenti_pol
HIV1_Group_A_Senegal_AY322191_lenti_pol	SIV2-HIV_lenti_pol
HIV1_Group_G_Sweden_AY612637_lenti_pol	SIV2-HIV_lenti_pol
HIV1_Group_O_Senegal_AJ302646_lenti_pol	SIV2-HIV_lenti_pol
HIV1_Group_P_Cameroon_HQ179987_lenti_pol	SIV2-HIV_lenti_pol
SIVgor_Gorilla_gorilla_FJ424865_lenti_pol	SIV2-HIV_lenti_pol
SIVdrl_Drill_Mandrillus_leucophaeus_AY159321_lenti_pol	SIV2-HIV_lenti_pol
SIVagi_Agile_Mangabey_Cercocebus_agilis_HM803690_lenti_pol	SIV2-HIV_lenti_pol
SIVrcm_Red_Capped_Mangabey_Cercocebus_torquatus_AF349680_lenti_pol	SIV2-HIV_lenti_pol
